1001A,116.3621,39.8784
1002A,116.2202,40.2915
1003A,116.4174,39.9289
1004A,116.4072,39.8863
1005A,116.462,39.9365
1006A,116.3392,39.9295
1007A,116.2878,39.9611
1008A,116.6636,40.135
1009A,116.6275,40.3275
1010A,116.2296,40.217
1011A,116.3966,39.9821
1012A,116.184,39.9136
1015A,117.1444,39.1661
1017A,117.237,39.1082
1018A,117.202,39.0927
1019A,117.1837,39.2133
1021A,117.307,39.0877
1023A,117.707,39.0343
1024A,117.457,38.8394
1026A,117.764,39.1587
1027A,117.157,38.9194
1029A,114.4422,38.0444
1030A,114.6063,38.0266
1031A,114.4898,38.1328
1032A,114.4586,38.0058
1033A,114.5331,38.0178
1034A,114.509,38.0457
1035A,114.3524,37.8911
1037A,118.131,39.6363
1038A,118.1725,39.6334
1040A,118.1705,39.6506
1041A,118.1869,39.622
1042A,119.5134,39.8207
1043A,119.7493,40.0116
1044A,119.5897,39.9499
1046A,119.5251,39.9041
1048A,114.5302,36.6116
1049A,114.4918,36.5713
1050A,114.484,36.6133
1051A,115.493,38.8632
1053A,115.4713,38.9108
1054A,115.4612,38.8416
1055A,115.4323,38.8697
1056A,115.5086,38.8639
1057A,114.8883,40.8336
1059A,114.8687,40.8042
1060A,114.8902,40.762
1061A,114.8916,40.8661
1062A,117.9531,40.9081
1063A,117.9392,40.9763
1064A,117.9503,40.928
1065A,117.8051,40.9655
1066A,117.9268,41.0026
1067A,116.6708,39.5111
1068A,116.7214,39.5589
1070A,116.7244,39.5269
1071A,116.8842,38.2991
1072A,116.8584,38.3254
1073A,116.8709,38.3228
1074A,115.6838,37.7541
1075A,115.6303,37.7316
1077A,114.4704,37.0886
1078A,114.5062,37.0349
1079A,114.5237,37.0851
1081A,112.5139,37.8873
1083A,112.434,38.0108
1084A,112.469,37.7124
1085A,112.5583,37.7394
1086A,112.5369,37.8692
1087A,112.57,37.8195
1088A,112.549,37.9854
1090A,111.6507,40.7517
1091A,111.6572,40.8033
1094A,111.7516,40.8369
1095A,111.7276,40.8062
1096A,111.5512,40.7866
1097A,111.717,40.7612
1098A,123.6836,41.9339
1099A,123.505,41.7406
1100A,123.4231,41.6989
1102A,123.5903,41.8411
1103A,123.4264,41.8467
1104A,123.4114,41.7653
1105A,123.4678,41.7867
1106A,123.4017,41.7972
1108A,123.3783,41.9228
1109A,121.612,38.9741
1110A,121.565,38.9511
1111A,121.5637,38.8845
1112A,121.6302,38.9117
1113A,121.6251,38.8638
1115A,121.2529,38.8061
1116A,121.7485,39.1311
1117A,121.7811,39.0496
1118A,121.9762,39.0631
1119A,125.3325,43.9166
1120A,125.2863,43.9027
1121A,125.2841,43.8463
1122A,125.3716,43.8772
1123A,125.3297,43.8805
1124A,125.4605,43.79
1125A,125.7194,43.515
1126A,125.3863,43.8447
1127A,125.245,43.7783
1128A,125.1761,43.8325
1129A,126.5422,45.755
1130A,126.561,45.8167
1131A,126.979,45.5419
1132A,126.599,45.7222
1133A,126.689,45.7733
1134A,126.635,45.7667
1135A,126.685,45.7319
1136A,126.6411,45.7258
1137A,126.593,45.7478
1138A,126.615,45.61
1139A,126.595,45.9855
1140A,126.6206,45.6842
1141A,121.4,31.238
1143A,121.467,31.3008
1144A,121.412,31.1654
1145A,121.536,31.2659
1147A,121.425,31.2261
1148A,121.703,31.1907
1149A,121.533,31.2284
1150A,121.577,31.2071
1151A,118.8086,32.1065
1152A,118.7538,32.0551
1153A,118.7794,32.0745
1154A,118.7752,32.0023
1155A,118.8109,32.0309
1156A,118.7997,32.0754
1157A,118.6414,32.0931
1158A,118.7356,31.9996
1159A,118.9125,32.1028
1160A,120.561,31.2472
1162A,120.591,31.3019
1163A,120.596,31.3264
1164A,120.613,31.2703
1165A,120.543,31.2994
1166A,120.669,31.3097
1167A,120.641,31.3708
1168A,120.9098,31.9663
1169A,120.86,32.0005
1170A,120.87,32.02
1171A,120.94,31.93
1172A,120.81,32.0417
1173A,119.176,34.5885
1177A,117.179,34.2761
1178A,117.1918,34.2384
1180A,117.256,34.2153
1181A,117.244,34.2911
1182A,117.2933,34.2778
1186A,119.389,32.3761
1188A,120.269,31.4867
1189A,120.275,31.6219
1190A,120.294,31.56
1191A,120.242,31.5031
1192A,120.3489,31.5863
1193A,120.354,31.5475
1194A,120.245,31.5631
1195A,120.299,31.6817
1196A,119.9633,31.762
1200A,119.9468,31.7069
1201A,119.9255,31.9087
1203A,119.6707,32.1875
1204A,119.4974,32.1968
1205A,119.4303,32.1328
1206A,119.905,32.4878
1207A,119.9189,32.4625
1209A,119.888,32.4639
1210A,119.036,33.5981
1211A,119.007,33.575
1212A,118.989,33.6067
1213A,119.135,33.5039
1214A,119.0186,33.6297
1215A,120.118,33.4022
1216A,120.156,33.3942
1218A,120.2144,33.38
1220A,118.293,33.9528
1221A,118.2442,33.9592
1223A,120.2072,30.2111
1224A,120.0633,30.2747
1226A,120.3461,30.3153
1227A,120.1269,30.2456
1228A,120.1903,30.2692
1230A,120.1197,30.3119
1231A,120.3019,30.4183
1232A,120.2697,30.1819
1233A,120.0883,30.1808
1234A,121.8358,29.911
1235A,121.56,29.82
1236A,121.713,29.9572
1239A,121.633,29.7733
1240A,121.5856,29.8635
1241A,121.524,29.8674
1242A,120.634,28.0089
1243A,120.6748,27.9939
1244A,120.76,27.9747
1245A,120.6709,28.0167
1247A,120.6053,29.9928
1250A,120.0751,30.8669
1252A,120.7436,30.778
1253A,120.726,30.7478
1255A,121.273,28.6459
1256A,121.419,28.6542
1257A,121.377,28.5773
1258A,122.122,30.0203
1259A,122.3094,29.9558
1260A,122.19,29.9944
1262A,119.647,29.077
1263A,119.686,29.1029
1264A,118.8692,28.9398
1265A,118.8709,28.9666
1266A,118.8621,28.9808
1267A,119.914,28.4514
1268A,119.93,28.4586
1269A,119.879,28.4231
1270A,117.1959,31.7848
1271A,117.3072,31.8764
1272A,117.2588,31.8707
1273A,117.1604,31.9052
1274A,117.25,31.8571
1275A,117.266,31.9436
1276A,117.336,31.8586
1277A,117.3027,31.7964
1278A,117.2776,31.7385
1279A,117.1318,31.8403
1282A,119.2681,26.0504
1283A,119.2984,26.1028
1284A,119.2648,26.0768
1285A,119.317,26.0746
1286A,118.1608,24.8169
1287A,118.1514,24.4767
1288A,118.0661,24.4444
1290A,115.8931,28.6843
1291A,115.8886,28.7003
1292A,115.8126,28.7442
1294A,115.8518,28.687
1295A,115.8921,28.6424
1296A,115.7423,28.7996
1298A,115.9314,28.6842
1299A,116.9862,36.6114
1300A,116.9376,36.665
1301A,117.1265,36.6734
1303A,117.0624,36.6868
1304A,116.9489,36.6447
1305A,117.0495,36.663
1306A,116.7675,36.5484
1307A,120.6659,36.2403
1310A,120.4134,36.0658
1311A,120.3664,36.1032
1312A,120.2994,36.054
1313A,120.4581,36.0858
1314A,120.1983,35.9608
1315A,120.3999,36.3083
1316A,113.69031,34.76122
1317A,113.65724,34.77134
1318A,113.67526,34.80246
1319A,113.56746,34.81334
1320A,113.7329,34.7178
1321A,113.73961,34.77172
1322A,113.60532,34.74838
1323A,113.64164,34.7525
1324A,113.51488,34.91089
1325A,114.3677,30.5584
1326A,114.2529,30.558
1327A,114.282,30.6189
1328A,114.3025,30.5332
1329A,114.3646,30.6217
1330A,114.1566,30.4825
1331A,114.3014,30.5944
1333A,114.135,30.6319
1334A,113.8454,30.2917
1335A,113.0833,28.2325
1336A,112.8872,28.2189
1337A,113.0792,28.2053
1338A,112.9394,28.19
1339A,113.0178,28.1322
1340A,112.9792,28.2597
1341A,113.0014,28.1944
1342A,112.9844,28.1178
1343A,112.8908,28.1308
1344A,112.9581,28.3611
1345A,113.2347,23.1423
1346A,113.2612,23.105
1348A,113.3478,23.0916
1349A,113.4332,23.1047
1350A,113.3505,22.9483
1351A,113.2146,23.3916
1352A,113.2597,23.1331
1353A,113.5618,23.312
1354A,113.2765,23.1544
1355A,113.443,23.3035
1356A,114.1063,22.5545
1357A,114.117,22.5625
1358A,113.987,22.5417
1359A,113.9181,22.5171
1360A,114.2458,22.5689
1361A,114.2283,22.7244
1363A,114.494,22.5422
1364A,114.41,22.6342
1365A,114.297,22.5978
1366A,114.0678,22.738
1367A,113.5814,22.2618
1368A,113.4881,22.2335
1369A,113.628,22.4251
1370A,113.299,22.2281
1371A,113.1294,23.0067
1372A,113.1083,23.0478
1373A,113.144,23.0453
1374A,113.2881,22.8094
1376A,112.8383,22.8678
1377A,112.8836,23.1588
1378A,112.867,23.185
1379A,113.3769,22.5211
1380A,113.3881,22.5497
1381A,113.4075,22.5111
1382A,113.4411,22.4853
1383A,113.1064,22.6058
1384A,113.0731,22.5835
1385A,113.0219,22.5311
1386A,113.0828,22.5947
1389A,113.7547,23.0494
1390A,113.7944,23.0128
1391A,113.7383,22.9658
1392A,114.4183,23.0528
1393A,114.4053,23.0822
1394A,114.4103,23.1142
1395A,114.4645,22.7833
1396A,114.5317,22.7422
1398A,112.4645,23.0475
1399A,112.5544,23.1522
1400A,112.4753,23.1
1401A,108.3103,22.7881
1402A,108.3141,22.8528
1403A,108.3206,22.8225
1404A,108.3829,22.8037
1405A,108.4394,22.7904
1406A,108.2397,22.8467
1407A,108.3275,22.735
1408A,108.2257,22.7757
1409A,110.576,19.9507
1410A,110.3232,20.0574
1411A,110.283,20.0053
1412A,110.338,19.9969
1413A,110.33,20.0356
1414A,106.3787,29.8279
1416A,106.4213,29.8253
1417A,106.6263,29.7228
1418A,106.2953,29.5983
1419A,106.5777,29.5102
1420A,106.6556,29.6277
1421A,106.6349,29.4906
1422A,106.3754,29.4572
1425A,106.6205,29.7166
1426A,106.4782,29.4875
1427A,106.5616,29.6453
1428A,106.4522,29.7091
1429A,106.5093,29.3917
1431A,103.9728,30.7236
1432A,104.1419,30.6764
1433A,104.0594,30.5767
1434A,104.1122,30.6306
1437A,104.0431,30.6556
1438A,103.6202,31.0201
1439A,106.6899,26.5998
1440A,106.6971,26.5694
1441A,106.6243,26.6266
1442A,106.7487,26.6343
1443A,106.6555,26.4365
1444A,106.694,26.5161
1445A,106.7109,26.6027
1446A,106.7164,26.5699
1447A,106.674,26.5424
1450A,102.8204,24.8886
1451A,102.6251,24.9608
1452A,102.7252,25.0902
1453A,102.7266,25.0375
1454A,102.6742,25.0669
1455A,102.6644,25.0401
1456A,91.1319,29.6514
1457A,91.1221,29.6747
1458A,91.0874,29.6475
1459A,91.1774,29.6541
1460A,90.9798,29.6588
1461A,91.0834,29.6292
1462A,108.882,34.2749
1463A,108.993,34.2629
1464A,109.06,34.2572
1465A,108.9356,34.2173
1466A,108.954,34.2713
1467A,108.8922,34.2322
1468A,108.935,34.3474
1469A,108.906,34.1546
1471A,109.2186,34.3731
1472A,108.869,34.378
1473A,108.985,34.1978
1474A,109.051,34.3213
1476A,103.631,36.1031
1478A,103.8412,36.0726
1479A,103.831,36.0464
1483A,101.524,36.6867
1484A,105.9512,38.6016
1488A,106.2328,38.4975
1489A,106.1358,38.5036
1490A,87.5801,43.8303
1491A,87.6046,43.768
1492A,87.4754,43.9469
1493A,87.5525,43.8711
1494A,87.6432,43.831
1496A,87.7216,44.1747
1508A,112.9433,27.8614
1511A,112.9118,27.8403
1512A,112.8937,27.8728
1513A,112.9227,27.8159
1514A,112.9074,27.9119
1515A,113.135,27.8244
1518A,113.095,27.8867
1519A,113.167,27.8667
1520A,113.143,27.8381
1524A,113.13,27.8528
1552A,106.805,26.3003
1559A,113.251,27.8336
1562A,113.0048,27.9153
1564A,112.4876,27.9164
1585A,109.8756,40.6532
1587A,109.9991,40.5842
1588A,109.8538,40.6821
1589A,109.8642,40.6288
1590A,110.0377,40.5546
1591A,110.0023,39.8129
1592A,109.9486,39.8261
1593A,109.7736,39.5986
1594A,109.8119,39.5989
1595A,109.9734,39.7884
1597A,122.2703,40.7094
1598A,122.215,40.6511
1600A,124.3303,40.0625
1601A,124.4256,40.1503
1602A,124.3933,40.1461
1603A,124.3633,40.1092
1604A,122.0303,41.1489
1605A,122.0485,41.0883
1606A,121.8297,41.1028
1607A,120.9092,40.7136
1608A,120.8392,40.7514
1609A,120.8341,40.7073
1610A,120.8695,40.7677
1611A,118.5819,24.9117
1612A,118.5972,24.8978
1613A,118.6663,24.9424
1614A,118.6117,24.9604
1616A,117.6795,36.229
1618A,118.3429,35.0532
1619A,118.295,35.0583
1620A,118.2794,34.9976
1621A,118.3956,35.0888
1622A,116.3032,37.4674
1624A,116.2991,37.4451
1625A,115.9848,36.4372
1628A,118.0062,37.3803
1629A,118.0018,37.3617
1630A,117.9776,37.393
1631A,118.0414,36.8103
1633A,117.8525,36.4847
1634A,117.9592,36.6331
1635A,118.3092,36.8194
1637A,117.558,34.8438
1638A,117.2852,34.7837
1639A,117.5852,34.7745
1640A,117.7276,34.5578
1641A,117.4518,35.0992
1642A,121.2514,37.5639
1643A,121.3719,37.5433
1644A,121.3181,37.5436
1645A,121.4478,37.4822
1646A,121.2611,37.4967
1650A,119.1437,36.7023
1653A,116.6251,35.4302
1655A,116.5491,35.4042
1656A,117.1437,36.1937
1657A,117.0885,36.2017
1658A,117.1089,36.1758
1659A,119.471,35.4209
1660A,119.523,35.4216
1661A,119.5587,35.4044
1662A,122.1214,37.4236
1663A,122.0508,37.5236
1664A,122.1067,37.5072
1666A,118.6614,37.4309
1669A,113.5824,24.7733
1671A,113.5917,24.7972
1672A,113.6735,24.7791
1673A,113.5971,24.6863
1674A,116.6794,23.3667
1675A,116.7244,23.3633
1676A,116.7258,23.2775
1677A,116.7519,23.4714
1678A,116.6092,23.2539
1680A,110.3539,21.2706
1681A,110.3928,21.2228
1682A,110.4019,21.1997
1683A,110.4111,21.2028
1684A,110.3316,21.2679
1685A,110.4558,21.2567
1686A,111.0286,21.4688
1687A,110.9294,21.6533
1688A,110.9107,21.6687
1689A,110.8592,21.6828
1690A,116.1231,24.3284
1691A,116.0797,24.2719
1692A,116.1248,24.2654
1693A,115.3653,22.775
1694A,115.3706,22.7898
1695A,115.3622,22.7925
1696A,114.6778,23.7569
1697A,114.6944,23.7586
1698A,114.6892,23.7233
1699A,111.9797,21.8593
1701A,111.9491,21.8658
1702A,113.0426,23.691
1703A,113.0208,23.7106
1705A,116.6367,23.6719
1706A,116.6447,23.6706
1708A,116.3701,23.5345
1709A,116.3264,23.5443
1710A,116.3611,23.5626
1711A,116.4151,23.5294
1714A,112.0539,22.9539
1715A,102.575,24.3711
1718A,115.4208,35.2464
1719A,115.4747,35.2375
1721A,113.3819,40.1097
1723A,113.2994,40.0758
1724A,113.3444,40.0917
1725A,113.2661,40.1269
1726A,113.2711,40.0844
1727A,113.1147,36.1547
1728A,113.1031,36.1989
1730A,113.0886,36.2125
1731A,113.0844,36.1856
1733A,111.5531,36.0783
1734A,111.5028,36.0714
1736A,111.5018,36.0855
1738A,113.5758,37.8572
1739A,113.4894,37.8731
1740A,113.5819,37.8486
1742A,113.5614,37.8703
1743A,113.5158,37.8392
1744A,118.9233,42.2816
1745A,118.9576,42.2728
1746A,118.8788,42.2554
1748A,123.044,41.1196
1749A,123.011,41.0931
1750A,123.0485,41.1442
1751A,122.9642,41.0971
1752A,122.9341,41.0833
1753A,123.022,41.0821
1754A,123.1289,41.0228
1755A,123.7977,41.8491
1756A,123.9161,41.8822
1757A,124.0436,41.8611
1758A,123.9247,41.8642
1759A,124.0972,41.8961
1760A,123.7086,41.8391
1761A,123.8275,41.3064
1762A,123.7567,41.3325
1763A,123.7169,41.3094
1764A,123.7669,41.2864
1765A,123.7992,41.2664
1766A,123.8142,41.3472
1767A,121.1115,41.0879
1768A,121.0533,40.8434
1769A,121.1836,41.1119
1770A,121.1178,41.1222
1771A,121.1303,41.1386
1772A,126.54,43.8622
1773A,126.5844,43.8358
1774A,126.5052,43.8245
1775A,126.6133,43.8972
1776A,126.555,43.8306
1778A,126.7061,43.7133
1779A,123.9305,47.3636
1780A,123.9488,47.3386
1781A,123.9483,47.3227
1783A,123.945,47.2988
1784A,129.61,44.561
1785A,129.6115,44.5782
1787A,129.6364,44.6075
1788A,129.6386,44.5462
1789A,124.81117,46.03138
1790A,125.129,46.533
1791A,124.902,46.408
1792A,125.153,46.586
1793A,124.9042,46.6215
1794A,118.3606,31.3519
1795A,118.3714,31.4134
1796A,118.3673,31.3131
1798A,118.5092,31.6837
1799A,118.5024,31.6449
1800A,118.5228,31.7231
1802A,118.6245,31.7241
1803A,115.9872,29.6815
1804A,115.9584,29.7046
1805A,115.9877,29.7295
1806A,116.0172,29.6547
1808A,115.9114,29.6038
1809A,116.0721,29.7535
1810A,115.9773,29.5698
1812A,112.3931,34.6516
1814A,112.4657,34.6871
1815A,112.494,34.6886
1816A,112.3844,34.623
1817A,112.4267,34.6258
1818A,114.4839,36.0621
1819A,114.3551,36.1017
1820A,114.361,36.0681
1824A,114.3389,34.7781
1826A,114.2885,34.7965
1828A,113.2269,35.2127
1829A,113.2467,35.176
1830A,113.1987,35.2703
1832A,113.3257,33.742
1833A,113.2919,33.737
1835A,111.1922,34.7752
1836A,111.1587,34.7942
1838A,111.143,34.7955
1840A,111.2992,30.6981
1841A,111.3549,30.6465
1842A,111.2628,30.6961
1843A,111.3275,30.7819
1844A,112.2494,30.3197
1845A,112.2008,30.3544
1847A,113.1094,29.3578
1848A,113.1493,29.4251
1849A,113.1497,29.3575
1850A,113.2621,29.4758
1851A,112.9943,29.4402
1852A,113.2117,29.355
1854A,111.6975,28.9703
1857A,111.7158,29.1456
1858A,110.5319,29.1217
1859A,110.4697,29.1242
1860A,110.5594,29.3547
1861A,110.4417,29.315
1862A,110.4144,25.3167
1863A,110.2819,25.2697
1864A,110.3089,25.2708
1865A,110.2869,25.2178
1866A,109.2262,21.588
1867A,109.1436,21.4086
1868A,109.0981,21.4661
1869A,109.1778,21.5233
1870A,109.4856,24.3895
1871A,109.4157,24.3277
1873A,109.4311,24.2921
1874A,109.4006,24.3631
1875A,109.4958,24.3134
1876A,109.5078,18.2489
1877A,109.4964,18.2681
1878A,104.7778,31.4741
1879A,104.7563,31.4535
1880A,104.6697,31.4668
1881A,104.7287,31.5075
1882A,104.563,28.793
1883A,104.6201,28.7728
1884A,104.6055,28.793
1885A,104.639,28.7562
1886A,104.5742,28.7199
1888A,101.6891,26.571
1889A,101.5769,26.5928
1890A,101.7169,26.585
1891A,101.7369,26.5008
1893A,105.4324,28.9634
1894A,105.4427,28.9063
1895A,105.4241,28.8573
1896A,105.4379,28.8833
1901A,104.4239,31.1208
1902A,104.3826,31.1317
1904A,104.3553,31.1091
1905A,106.056,30.8064
1906A,106.0789,30.8023
1907A,106.1031,30.8217
1908A,106.1064,30.7856
1909A,106.0642,30.7636
1910A,106.1087,30.8388
1911A,106.9222,27.6869
1912A,106.9242,27.7019
1913A,106.8906,27.6486
1914A,106.9231,27.6506
1915A,106.9178,27.72
1916A,103.7897,25.5035
1917A,103.8,25.5364
1918A,108.7197,34.3956
1919A,108.673,34.3155
1920A,108.7233,34.3617
1922A,109.0656,35.0994
1923A,109.0697,35.0697
1924A,108.9344,34.9058
1926A,109.4131,36.6275
1927A,109.4761,36.6028
1929A,109.5056,36.6106
1930A,107.185,34.3063
1931A,107.0708,34.3017
1932A,107.1906,34.3672
1933A,107.1431,34.3547
1934A,107.1186,34.3739
1935A,107.3906,34.3528
1936A,107.2058,34.3497
1937A,107.2386,34.3622
1938A,109.5293,34.5101
1939A,109.4974,34.4877
1940A,109.4636,34.493
1941A,109.4259,34.5023
1943A,102.1725,38.5339
1944A,102.1692,38.5167
1945A,98.2908,39.7711
1947A,106.3394,38.817
1948A,106.3668,39.0145
1949A,106.7704,39.2282
1950A,106.7099,39.1325
1951A,84.895,45.6094
1952A,84.8988,45.5893
1954A,84.905,44.3396
1955A,85.6979,46.098
1956A,86.1472,41.7538
1957A,86.1972,41.7166
1958A,86.2357,41.7173
1961A,117.532,36.6868
1966A,120.0405,35.8735
1982A,122.0693,37.2174
2031A,113.1817,27.9958
2054A,114.1099,32.1059
2064A,113.9956,32.1271
2065A,114.0775,32.1195
2066A,114.0609,32.1399
2067A,114.6613,33.6128
2068A,114.6758,33.6347
2069A,114.6546,33.5979
2070A,114.6369,33.6406
2075A,117.6336,24.4674
2160A,112.85,35.5051
2161A,112.8318,35.4936
2162A,112.8508,35.4887
2163A,112.8676,35.4897
2165A,112.8453,35.546
2166A,112.4397,39.3522
2167A,112.4575,39.3617
2168A,112.4258,39.3197
2169A,112.4072,39.3278
2170A,112.4272,39.3681
2171A,112.7532,37.6945
2173A,112.7249,37.7067
2174A,112.6991,37.6982
2175A,110.9956,35.0147
2178A,110.9686,35.0303
2179A,111.0414,35.1147
2181A,112.7383,38.4519
2182A,112.7003,38.4928
2183A,111.1406,37.5211
2185A,111.1297,37.5136
2187A,106.8174,39.6973
2188A,106.7907,39.6667
2191A,122.2532,43.6801
2192A,119.7594,49.2261
2195A,107.4212,40.761
2196A,107.37,40.7372
2197A,113.1306,40.9923
2200A,122.0392,46.0656
2201A,121.9504,46.0741
2202A,116.1042,43.9317
2203A,116.0781,43.9311
2204A,105.6467,38.8363
2205A,105.6985,38.8411
2206A,105.724,38.8516
2207A,121.6094,41.998
2208A,121.6697,42.0279
2209A,121.6673,42.0705
2210A,121.6717,42.0224
2211A,121.6506,42.0498
2212A,123.2,41.1953
2213A,123.1683,41.2495
2214A,123.2354,41.2639
2215A,123.149,41.2991
2216A,123.8139,42.3022
2217A,123.8649,42.2923
2218A,123.8486,42.2867
2219A,123.7153,42.2217
2220A,120.4318,41.5881
2221A,120.4521,41.5646
2222A,120.4176,41.5648
2223A,120.3806,41.5969
2225A,124.4002,43.1713
2226A,124.388,43.193
2227A,125.1358,42.8845
2229A,125.9358,41.7173
2230A,125.9446,41.7325
2231A,126.4219,41.9171
2232A,126.4077,41.9419
2233A,124.8006,45.1214
2234A,124.7965,45.1722
2235A,122.7911,45.6077
2236A,122.8738,45.5725
2237A,129.47,42.8883
2238A,129.5055,42.9108
2239A,129.3964,42.8881
2240A,130.9762,45.3001
2243A,130.9429,45.3039
2244A,130.2537,47.3416
2245A,130.2684,47.3086
2246A,130.3114,47.3388
2247A,130.1097,47.3382
2248A,131.1511,46.6937
2249A,131.1652,46.6191
2250A,131.1524,46.6554
2251A,131.12,46.5656
2252A,128.5159,47.4311
2253A,128.9102,47.7412
2254A,129.5029,48.471
2255A,130.2751,46.8028
2256A,130.3995,46.8307
2257A,130.3258,46.7975
2258A,130.3648,46.8032
2259A,130.3794,46.7588
2262A,131.0518,45.8751
2263A,127.4833,50.2524
2264A,127.5144,50.2341
2265A,127.5291,50.2472
2266A,126.9785,46.6365
2267A,126.964,46.6528
2269A,124.1069,50.4097
2270A,117.396,32.939
2271A,117.3605,32.9427
2273A,117.4185,32.8911
2274A,117.3533,32.9673
2275A,117.3145,32.8977
2277A,116.8305,32.7727
2278A,117.0067,32.6524
2279A,116.8569,32.5951
2280A,116.8281,32.633
2281A,116.6325,32.6201
2282A,116.8004,33.975
2283A,116.8091,33.9007
2284A,116.7856,33.9477
2285A,117.8177,30.9412
2286A,117.8059,30.9273
2287A,117.7807,30.9413
2288A,117.7439,30.8792
2289A,117.846,30.9413
2290A,117.8483,30.97
2291A,117.0809,30.5177
2292A,117.0331,30.5119
2294A,116.9896,30.6145
2295A,118.2903,29.6963
2296A,118.327,29.7178
2297A,118.1371,30.2756
2298A,118.3093,32.3153
2299A,118.3244,32.2786
2301A,115.8277,32.8929
2303A,115.8554,32.8605
2307A,116.5079,31.737
2308A,116.4738,31.7643
2309A,116.4996,31.7905
2310A,116.5567,31.7886
2311A,115.8072,33.8399
2312A,115.7789,33.8518
2314A,117.47,30.6618
2316A,118.7581,30.9454
2317A,118.7385,30.9743
2318A,118.7173,30.9427
2319A,119.0141,25.4325
2320A,119.0015,25.4553
2321A,119.1119,25.4561
2322A,119.1013,25.3215
2323A,118.981,25.4792
2324A,117.6211,26.2625
2325A,117.635,26.2714
2326A,117.6028,26.2378
2327A,117.7275,26.3108
2331A,118.0966,26.6761
2332A,118.1681,26.6369
2333A,118.1825,26.6489
2334A,118.1756,26.6272
2335A,117.0189,25.1181
2336A,117.0217,25.1033
2338A,117.0196,25.0306
2339A,119.5001,26.6946
2341A,119.5388,26.6612
2342A,117.3102,29.3867
2343A,117.2117,29.2933
2344A,117.1894,29.2789
2345A,117.1547,29.2617
2346A,117.2461,29.2956
2347A,114.0997,27.5002
2348A,113.8385,27.6434
2349A,113.8493,27.6253
2350A,113.8676,27.6435
2351A,113.866,27.6198
2352A,115.0861,27.9317
2353A,114.9886,27.8431
2354A,114.9231,27.8246
2355A,114.9308,27.8036
2357A,116.9822,28.1136
2358A,117.0564,28.2642
2359A,117.0311,28.2475
2360A,117.0222,28.2264
2361A,117.0017,28.2131
2362A,114.9017,25.9149
2363A,114.9367,25.8664
2364A,114.9461,25.8481
2365A,114.9322,25.8333
2366A,114.8905,25.8471
2367A,114.9754,27.0803
2368A,114.9658,27.0999
2369A,114.99,27.1312
2370A,115.0093,27.0968
2371A,114.3408,27.8064
2373A,114.3956,27.7844
2374A,114.3703,27.7914
2375A,114.4013,27.8074
2376A,116.2127,28.0814
2377A,116.3544,27.9831
2378A,116.3565,27.963
2379A,116.3564,28.0007
2380A,116.385,27.9647
2381A,118.005,28.4572
2382A,117.9756,28.4436
2383A,117.9519,28.4628
2385A,114.17,35.9019
2386A,114.2956,35.7511
2387A,114.2878,35.7306
2389A,113.836,35.311
2390A,113.884,35.272
2391A,113.883,35.303
2392A,115.0312,35.7636
2394A,115.0574,35.7609
2395A,115.0866,35.7754
2396A,113.8276,34.0159
2398A,113.7906,33.9953
2399A,114.051,33.5699
2400A,114.0055,33.5698
2401A,114.0138,33.5828
2402A,114.0261,33.5698
2403A,112.5192,32.9917
2404A,112.5339,33.0086
2405A,112.5003,32.9735
2406A,112.5779,33.0144
2407A,112.548,32.9692
2408A,115.6702,34.4285
2409A,115.6458,34.4045
2410A,115.6293,34.3948
2420A,114.0189,32.9656
2421A,114.0114,33.015
2422A,113.9976,32.9771
2423A,115.0601,30.2313
2424A,115.0817,30.2006
2426A,114.8988,30.2019
2427A,115.0307,30.2092
2428A,111.0419,32.395
2429A,110.78,32.6494
2430A,110.7258,32.6389
2431A,110.8839,32.5714
2432A,112.155,32.0197
2433A,112.1392,32.0564
2434A,112.1825,32.1142
2435A,112.2106,32.0903
2436A,114.8938,30.3994
2437A,114.8989,30.3714
2439A,112.2014,31.0481
2440A,112.1969,30.9891
2441A,112.2213,31.0386
2443A,113.9153,30.9285
2444A,113.942,30.9075
2446A,114.9028,30.4742
2447A,114.3175,29.8142
2449A,114.2936,29.8566
2451A,113.3583,31.7275
2452A,113.3833,31.6908
2453A,113.3983,31.7308
2454A,109.4978,30.2981
2455A,109.4707,30.2798
2456A,112.5003,26.9167
2457A,112.6194,26.9258
2459A,112.6197,26.8733
2460A,112.6006,26.8919
2462A,111.5239,27.3033
2463A,111.4733,27.2317
2464A,111.5283,27.2442
2465A,111.4503,27.2537
2466A,111.4328,27.2272
2467A,112.4067,28.6428
2468A,112.3458,28.5808
2469A,112.3437,28.5531
2470A,112.3347,28.6047
2471A,112.3744,28.5819
2472A,113.0073,25.9061
2473A,113.0116,25.8226
2474A,113.0161,25.8001
2475A,113.0383,25.8071
2476A,113.0348,25.7759
2477A,111.6217,26.2081
2478A,111.6156,26.4214
2479A,111.6236,26.2331
2480A,111.5992,26.4364
2481A,111.5989,26.4519
2482A,109.5981,27.5721
2483A,109.9453,27.5444
2484A,109.9781,27.5342
2485A,109.9972,27.5578
2486A,110.0394,27.583
2487A,111.9589,27.8901
2488A,111.9975,27.725
2489A,112.0194,27.7314
2490A,111.9561,27.7569
2491A,111.9892,27.7044
2492A,109.6414,28.2558
2493A,109.7325,28.3169
2494A,109.6958,28.2675
2495A,111.3014,23.4832
2496A,111.3239,23.4794
2497A,111.247,23.4189
2498A,111.2711,23.4835
2499A,108.3411,21.6158
2500A,108.3514,21.7731
2501A,108.3506,21.6414
2502A,108.6236,21.9667
2503A,108.6549,21.9481
2504A,108.5989,21.7431
2505A,109.568,23.1478
2506A,109.6047,23.0666
2507A,109.6014,23.0948
2508A,109.5669,23.1065
2509A,110.1106,22.7019
2510A,110.1675,22.6411
2511A,110.1433,22.6164
2512A,106.6103,23.9011
2513A,106.6538,23.8859
2514A,111.5264,24.4172
2515A,111.5608,24.4078
2516A,108.2011,24.715
2517A,108.0497,24.6947
2518A,108.0983,24.6989
2519A,109.2328,23.7361
2520A,109.2203,23.7256
2521A,107.3476,22.4136
2522A,107.3702,22.3707
2523A,105.8945,32.4535
2524A,105.821,32.4444
2526A,105.8628,32.4287
2527A,105.5453,30.5678
2528A,105.5582,30.5232
2529A,105.5861,30.5366
2530A,105.5918,30.4728
2531A,105.0703,29.61
2532A,105.0717,29.5947
2533A,105.0653,29.5817
2534A,105.0406,29.5822
2535A,103.7723,29.5462
2536A,103.7627,29.5844
2537A,103.7508,29.6006
2538A,103.7571,29.5664
2539A,104.0308,30.0478
2540A,103.8416,30.0874
2544A,106.6303,30.4576
2545A,106.6271,30.4663
2547A,106.6388,30.4551
2548A,107.5277,31.2827
2549A,107.5086,31.2186
2550A,107.4988,31.2132
2551A,107.5082,31.1986
2552A,107.4644,31.2124
2554A,103.0475,30.02
2555A,103.0111,29.9833
2556A,102.9905,29.9775
2561A,104.6617,30.1372
2562A,104.6356,30.1506
2563A,104.6295,30.1383
2564A,104.6463,30.1146
2565A,104.6296,30.1256
2566A,102.1879,31.914
2567A,102.224,31.9037
2568A,102.2502,31.8896
2570A,101.9603,30.0475
2571A,102.3431,27.8099
2572A,102.2721,27.8415
2573A,102.2625,27.898
2574A,102.2685,27.8851
2575A,102.237,27.8914
2576A,104.8,26.5892
2577A,104.83,26.5917
2578A,104.89,26.5939
2579A,104.8475,26.5894
2580A,104.9544,26.5506
2585A,109.1839,27.7344
2586A,109.1753,27.6944
2587A,105.2864,27.3125
2588A,105.31,27.2944
2589A,104.9022,25.0925
2590A,104.8811,25.0992
2591A,107.9783,26.5747
2593A,107.5228,26.2403
2594A,99.1678,25.1081
2595A,99.1711,25.1328
2596A,103.7667,27.3736
2597A,103.7225,27.3361
2598A,100.2143,26.8576
2599A,100.2497,26.8802
2600A,100.2203,26.8906
2601A,100.98,22.7633
2602A,100.9817,22.8322
2603A,100.0781,23.8982
2604A,100.0894,23.8822
2605A,101.5482,25.0441
2606A,101.538,25.0492
2608A,103.3772,23.3993
2609A,103.3861,23.35
2610A,104.2533,23.3594
2611A,104.2319,23.3892
2612A,100.7939,22.0019
2613A,100.8017,22.0225
2614A,100.1542,25.7054
2615A,100.2171,25.5811
2616A,98.5842,24.428
2618A,98.8601,25.8567
2619A,98.8546,25.8417
2621A,99.7056,27.8317
2624A,91.7608,29.2313
2625A,91.7706,29.2436
2626A,88.8876,29.2718
2628A,92.0657,31.4846
2630A,80.1161,32.5
2633A,94.3616,29.6616
2634A,106.9893,33.1842
2635A,107.0154,33.0706
2636A,107.0089,33.1138
2637A,107.007,33.0323
2638A,109.7414,38.3344
2639A,109.7456,38.2911
2640A,109.7289,38.2839
2641A,109.7336,38.2478
2642A,109.0318,32.6537
2643A,109.0281,32.6939
2644A,109.0072,32.6975
2645A,109.9154,33.8715
2647A,104.1724,36.5446
2648A,104.1465,36.5482
2650A,105.7205,34.5786
2651A,105.8945,34.5538
2652A,102.6201,37.9251
2654A,100.4698,38.9524
2655A,100.4154,38.9422
2656A,106.6692,35.5461
2657A,106.7021,35.5307
2658A,98.5061,39.7443
2659A,98.4989,39.7256
2661A,107.6325,35.7357
2662A,107.6364,35.7067
2663A,104.6241,35.5734
2664A,104.6194,35.5934
2667A,103.2069,35.5993
2668A,103.2417,35.6057
2669A,102.9099,34.9841
2671A,100.9048,36.9639
2672A,102.0199,35.5102
2673A,100.6188,36.2866
2674A,100.2561,34.4714
2675A,97,33.0014
2677A,106.1532,37.9648
2679A,106.1856,37.9956
2680A,105.0025,37.4635
2682A,105.1971,37.5002
2683A,106.2319,36.1417
2684A,106.2792,36.0022
2685A,106.2375,36.0211
2686A,89.1904,42.9418
2687A,89.1673,42.9559
2688A,93.5128,42.8172
2689A,93.4961,42.8328
2690A,88.1236,43.8886
2692A,87.2717,44.0297
2693A,82.0485,44.8556
2694A,82.0806,44.8969
2695A,80.292,41.1694
2696A,80.2613,41.1551
2697A,76.1454,39.7142
2698A,76.0072,39.4467
2699A,75.9755,39.4694
2703A,81.2815,43.9404
2704A,81.2996,43.9174
2705A,81.3364,43.941
2706A,82.9994,46.7432
2708A,88.1264,47.8517
2709A,86.0497,44.2967
2711A,87.5475,44.1756
2835A,101.7227,26.567
2842A,118.0936,24.5058
2845A,113.1569,36.1911
2846A,113.3221,23.1322
2858A,117.7918,39.2474
2859A,117.3747,38.9846
2860A,117.1589,39.0845
2862A,114.5481,38.0378
2865A,112.7195,37.6828
2867A,111.1283,37.51
2868A,126.4739,43.953
2869A,119.447,32.4155
2870A,119.4424,32.1873
2871A,121.6147,29.9017
2872A,120.7846,30.7525
2873A,120.0875,30.8955
2875A,115.784,32.8892
2877A,119.1641,36.6523
2878A,116.0072,36.4343
2880A,104.0219,30.6558
2881A,107.8908,26.5311
2882A,102.5389,24.3703
2883A,102.5381,24.3389
2884A,98.2672,39.7978
2885A,104.9339,33.3826
2894A,117.0566,32.6531
2897A,123.2444,41.7347
2900A,123.5953,41.9086
2902A,106.6351,30.4865
2907A,120.1844,30.8596
2914A,106.7677,31.8794
2919A,116.7022,39.5453
2920A,117.7116,24.506
2921A,120.5483,30.0003
2922A,117.1941,39.1067
2924A,106.2266,38.4418
2925A,106.2757,38.4842
2926A,106.1015,38.497
2929A,114.8858,30.4519
2996A,118.283,33.965
2997A,119.8767,32.3289
3000A,119.3581,34.6972
3002A,119.9805,31.8174
3003A,120.0522,31.7748
3004A,120.1544,33.3663
3005A,117.1814,34.29
3006A,117.1694,34.1781
3007A,119.178,34.844
3008A,119.3608,34.7519
3009A,119.1478,34.5911
3010A,119.9025,31.7964
3012A,112.1849,31.0362
3014A,106.4958,29.5346
3015A,106.4037,29.5728
3016A,106.5507,29.4153
3018A,111.505,36.1014
3020A,117.2101,39.1699
3021A,115,35.7668
3025A,113.0477,23.6344
3026A,116.6183,23.6608
3027A,104.72,29.3427
3028A,104.776,29.3627
3033A,87.4651,43.4569
3034A,113.1076,41.0385
3035A,122.0931,46.0707
3036A,118.6904,37.4338
3038A,103.3758,23.368
3039A,111.1911,34.7829
3045A,109.9643,33.8471
3046A,115.9084,28.6062
3048A,119.5799,26.0936
3051A,117.3876,39.1488
3054A,113.9194,35.2847
3055A,101.7775,36.6428
3057A,121.5992,37.4014
3058A,119.2658,42.0353
3059A,117.7161,36.2049
3061A,119.7512,49.1577
3064A,117.6867,36.2171
3065A,101.9533,29.9972
3066A,116.2721,37.4379
3122A,105.9606,26.2611
3123A,105.9408,26.2431
3124A,105.9439,26.2564
3125A,105.8983,26.2481
3128A,92.0506,31.4797
3131A,114.879,40.7993
3132A,119.610547,39.943889
3133A,106.5468,29.5654
3134A,113.8172,34.0339
3136A,104.2725,30.5589
3137A,103.8578,30.0744
3138A,111.7153,29.0289
3139A,111.6892,28.9881
3140A,111.6625,29.0531
3141A,114.3922,36.0878
3147A,114.3438,34.8106
3148A,103.8291,30.0564
3149A,115.0235,30.1578
3151A,114.375,27.8097
3153A,114.3877,30.4908
3164A,119.4686,32.3942
3165A,108.6594,34.2969
3169A,113.2725,35.2071
3171A,115.6071,34.4465
3173A,117.0598,30.5351
3178A,119.0587,36.721
3179A,102.7494,25.0119
3180A,99.7136,27.8094
3182A,106.7656,31.8545
3183A,106.7418,31.8654
3185A,112.5628,37.8964
3186A,103.7158,36.1058
3187A,116.9509,33.666
3188A,115.6683,37.7217
3190A,116.0254,29.6994
3191A,118.3225,33.9447
3192A,80.0903,32.5028
3194A,112.2747,30.3122
3195A,119.3633,32.3972
3200A,115.9819,36.4978
3201A,102.6486,37.9325
3204A,113.3025,33.73
3206A,114.9149,27.807
3207A,118.3118,32.3038
3208A,112.7283,38.4153
3209A,119.5231,26.6562
3210A,114.3644,34.7964
3216A,114.6622,24.5183
3237A,117.4918,30.6617
3239A,125.0764,42.9078
3241A,103.7439,36.0842
3242A,103.9611,35.998
3245A,103.6633,36.533
3246A,103.6975,36.4789
3247A,104.955,33.371
3248A,98.2643,39.7724
3265A,121.4316,31.3322
3266A,121.8791,31.4662
3268A,121.3162,31.2838
3269A,121.3359,30.7456
3270A,121.4996,31.0739
3271A,121.2886,31.1663
3272A,121.2186,31.0378
3273A,121.3902,31.2059
3274A,121.7965,31.0507
3281A,115.9718,40.4529
3282A,113.3397,40.0597
3283A,109.9154,40.5685
3284A,106.813,39.7274
3285A,113.1376,40.9509
3286A,118.9359,42.3147
3287A,119.3842,32.1976
3288A,117.4754,34.4422
3289A,120.743,31.3188
3290A,120.5031,31.2774
3291A,121.067,32.062
3293A,120.1501,33.3367
3294A,119.5653,32.4222
3295A,120.1259,32.5099
3298A,113.5717,23.5491
3299A,113.3472,23.3692
3300A,113.2981,23.237
3301A,113.4256,23.1716
3302A,113.3942,23.0483
3303A,113.4922,22.8168
3304A,113.5342,22.7896
3305A,114.0731,22.559
3306A,114.0261,22.6198
3307A,114.1871,22.6451
3308A,113.3494,22.0569
3311A,113.1075,22.5647
3313A,112.4575,23.0166
3314A,114.4338,22.8134
3315A,116.1233,24.2991
3317A,111.9765,21.8947
3318A,112.9903,23.7403
3319A,113.7338,23.0381
3320A,116.403,23.5699
3323A,115.2773,40.9724
3324A,116.8136,38.3004
3325A,117.0365,39.3828
3326A,117.0296,39.0605
3327A,116.9638,38.9375
3328A,118.4209,31.3707
3329A,117.0108,32.5893
3330A,116.8873,33.9836
3331A,118.3267,32.2634
3332A,115.7633,33.8034
3333A,117.5627,30.695
3334A,117.5038,30.6243
3335A,113.3137,35.2641
3336A,113.2465,35.2373
3337A,113.8614,34.0442
3338A,113.843,34.0823
3339A,114.0012,33.0412
3340A,112.6005,34.6326
3341A,112.4951,34.6332
3342A,128.4741,47.4346
3343A,128.6871,47.7369
3344A,128.8431,47.8474
3345A,131.0577,45.7879
3346A,108.3872,31.1628
3347A,105.9017,29.3569
3348A,105.839,30.1946
3349A,107.7983,30.6758
3350A,106.6479,29.0244
3352A,107.0732,29.8617
3353A,107.3535,29.7287
3354A,108.815,29.5081
3355A,108.3679,30.8426
3356A,108.4319,30.7555
3357A,104.0106,30.6931
3358A,103.8458,30.6994
3359A,104.0578,30.5225
3360A,104.7894,29.3194
3361A,103.7311,29.5628
3362A,120.5014,36.4034
3363A,117.9883,36.8372
3364A,117.3152,34.8103
3365A,118.5719,37.565
3366A,121.5206,37.4336
3368A,119.1977,36.6872
3370A,118.3564,35.0215
3371A,116.3728,37.4403
3372A,116.3572,37.4094
3374A,115.5564,35.0891
3375A,102.8017,24.8336
3376A,103.7947,25.462
3377A,103.7444,25.5261
3378A,122.371,40.6771
3379A,122.1139,40.2278
3380A,102.8914,34.9617
3396A,112.0828,32.0067
3397A,112.1214,32.1008
3398A,114.9136,30.4445
3399A,112.6703,26.882
3400A,109.1911,21.4415
3401A,108.4834,22.7618
3402A,109.5422,24.3996
3403A,110.1764,25.2381
3404A,108.5959,21.9633
3405A,109.5886,23.1172
3406A,106.6085,23.8798
3407A,120.6916,30.7739
3408A,120.5683,29.9361
3409A,120.4906,30.0861
3410A,120.8752,30.0249
3411A,120.8369,30.0137
3413A,118.1953,28.4401
3414A,115.8347,28.932
3415A,114.4519,28.0828
3416A,119.1755,36.7149
3417A,117.0709,40.1465
3418A,116.8336,40.4095
3419A,109.9447,40.6261
3421A,113.1775,40.9779
3422A,118.8436,31.9198
3423A,119.0138,31.6494
3424A,118.879,31.3302
3425A,120.624,31.1733
3426A,118.8755,33.2894
3427A,118.8554,32.3578
3428A,120.3142,31.4753
3429A,119.8598,31.7066
3430A,119.5826,31.7245
3431A,120.6505,31.416
3432A,120.9348,31.9883
3434A,119.2413,34.6539
3435A,119.9192,32.4322
3436A,120.4279,33.205
3437A,88.3118,43.3658
3438A,87.6162,43.8801
3439A,87.7024,43.8004
3440A,87.4921,43.8411
3441A,87.546,44.1912
3442A,86.047,44.2331
3443A,113.2902,23.5544
3444A,116.454,23.2684
3445A,113.7858,23.7478
3446A,113.8051,23.2614
3447A,114.3551,22.7151
3448A,113.5433,22.1163
3449A,113.05,22.4667
3450A,111.01,21.5165
3451A,112.5617,23.2083
3452A,114.6517,22.775
3453A,112.0125,21.8749
3454A,113.3528,22.478
3455A,113.076,23.7198
3456A,114.289,38.0906
3457A,118.4359,39.2762
3458A,114.7895,36.5593
3459A,115.5989,37.5491
3460A,117.4067,40.0583
3461A,117.3045,39.7169
3462A,117.8199,39.3521
3463A,116.9708,33.591
3464A,117.3803,31.9147
3465A,118.4781,31.3225
3466A,118.2746,31.2326
3468A,115.7901,32.8613
3469A,115.836,32.9183
3470A,118.7724,30.9141
3471A,113.616563,34.86783
3473A,114.2485,34.8306
3474A,114.2617,35.6822
3475A,113.9188,35.3045
3476A,113.9135,35.3327
3477A,113.1656,35.2539
3478A,113.9749,33.5664
3479A,114.0967,33.5906
3480A,129.1368,47.6417
3482A,107.7541,29.3277
3483A,108.7661,29.5368
3484A,106.2628,29.32
3485A,107.0944,29.1608
3486A,124.4036,43.1411
3487A,104.2394,30.5319
3488A,104.3853,30.7453
3489A,104.0789,30.4072
3490A,105.3617,28.7703
3491A,104.69,31.5322
3492A,104.5648,31.5343
3494A,117.1673,36.9782
3495A,117.1171,36.63
3496A,118.3604,35.1084
3498A,118.5055,37.8612
3500A,116.5814,35.3707
3501A,116.8249,35.5593
3502A,117.1812,36.2275
3503A,117.0313,36.2018
3504A,117.0829,36.13
3505A,122.1379,37.3414
3507A,119.5328,35.4625
3511A,116.5652,37.3319
3512A,116.049,36.4674
3513A,116.0445,36.4361
3514A,117.9378,37.3956
3515A,117.9378,37.3553
3516A,118.0917,37.694
3520A,106.3495,38.9836
3521A,106.7492,39.2069
3522A,106.2177,35.9959
3523A,106.5105,38.3856
3524A,108.6116,34.1164
3525A,108.6396,34.4078
3526A,119.5189,25.9664
3527A,118.0958,24.5688
3528A,118.1493,24.7245
3529A,118.6333,24.9264
3530A,117.6296,24.5314
3531A,110.296,25.1253
3532A,110.1945,22.6831
3533A,110.0527,22.5893
3534A,111.4744,24.4553
3535A,109.1781,23.7297
3536A,106.8547,27.5919
3537A,105.3631,27.3533
3538A,107.5175,26.2978
3539A,110.5111,19.9736
3540A,109.7348,18.3443
3541A,109.5726,19.5167
3542A,109.5567,19.5187
3544A,121.4891,30.925
3545A,110.8054,32.8401
3546A,111.4606,30.552
3547A,112.1632,31.0138
3548A,112.1655,30.3364
3549A,109.5061,30.3772
3550A,102.7997,24.9786
3551A,102.5967,24.6736
3552A,102.6678,24.9856
3557A,119.9464,30.0494
3558A,119.7183,30.2367
3560A,120.4722,30.0415
3561A,120.6985,27.9251
3562A,120.4148,30.8538
3564A,121.2568,28.6681
3565A,113.1367,40.1122
3566A,113.1186,40.2556
3567A,113.5931,40.0461
3568A,113.06,36.0464
3569A,112.8792,36.3144
3570A,113.235,36.3489
3571A,112.2931,39.53
3572A,114.6419615,37.9001925
3573A,114.8506765,38.0322033
3574A,114.0504658,38.0591645
3575A,118.09279,39.58089
3576A,118.1562,39.8322
3577A,118.43673,39.73809
3578A,118.24498,39.66941
3579A,114.50634,36.77178
3580A,114.20016,36.44293
3581A,115.31981,38.95208
3582A,115.47694,38.76408
3583A,115.62909,39.02311
3584A,115.8844,39.0341
3585A,115.8665,39.0645
3586A,115.923,38.9405
3587A,115.9324,38.9338
3588A,116.0901,38.9816
3589A,116.1105,39.0046
3590A,113.8374,34.5589
3591A,113.30952,34.803229
3592A,114.4644,34.7556
3593A,112.5736,34.8993
3594A,112.8867,33.9116
3596A,114.1572,35.9603
3597A,113.8134,34.1251
3598A,111.1,34.7167
3599A,106.2649,29.9851
3600A,106.2339,29.5559
3601A,106.0499,29.8342
3604A,119.3266,35.1044
3605A,109.09,34.5236
3606A,108.7108,34.46
3607A,108.7096,34.2956
3608A,108.8558,34.4978
3610A,105.5933,29.4105
3612A,85.1045,45.6899
3613A,87.3095,44.0142
3614A,79.924,37.0877
3615A,79.9131,37.113
3616A,106.7616,31.8344
3617A,105.8047,32.4166
3618A,112.4701,37.782
3619A,113.617,37.8571
3620A,112.8271,35.4828
3621A,106.8288,39.6778
3622A,113.5556,24.8082
3623A,113.8953,22.5861
3624A,116.4069,23.2533
3625A,113.2544,22.7642
3626A,113.7533,23.0202
3627A,113.7875,23.0457
3628A,112.0336,22.9374
3629A,101.8305,36.5786
3630A,101.7413,36.6397
3633A,118.4918,31.6809
3634A,116.9884,33.6305
3635A,112.3677,34.662
3636A,112.4388,34.6781
3637A,131.0176,45.7761
3638A,104.7636,29.3338
3639A,104.4019,31.1244
3642A,120.3503,36.0736
3643A,120.3948,36.1805
3645A,118.0253,36.8406
3646A,118.4978,37.4623
3647A,115.4702,35.2706
3648A,106.2112,37.9768
3650A,105.1698,37.5162
3651A,108.9543,34.8732
3652A,109.4809,36.5786
3653A,111.3119,30.7273
3654A,114.8094,30.4089
3655A,114.3375,29.8683
3656A,120.1556,30.2864
3658A,120.6153,30.0764
3659A,119.656,29.1131
3662A,123.6333,47.2075
3663A,124.1164,50.4278
3664A,119.4172,34.7341
3665A,76.1658,39.7157
3667A,111.0283,35.0547
3668A,111.5036,36.0414
3669A,114.4705,36.0637
3670A,111.0522,35.0439
3671A,116.088,39.9726
3672A,116.1541,39.8204
3673A,116.6804,39.9081
3674A,115.9577,39.7603
3675A,116.4672,39.7733
3678A,116.5907,35.4054
3682A,116.9814,36.6819
3683A,109.8331,40.6576
3684A,130.8781,45.8222
3685A,117.897,28.4315
3689A,113.9003,35.372
3690A,115.9721,28.7031
3692A,118.2059,39.6585
3693A,118.1436,39.6202
3694A,115.986,40.4563
3695A,116.6151,40.3053
3696A,116.2545,39.8768
3697A,116.84,40.3844
3698A,111.5968,40.8178
3699A,111.6518,40.8389
3700A,103.0456,29.9956
3701A,116.9648,33.6252
3703A,114.2917,36.0949
3706A,122.2584,43.6333
3707A,131.0207,45.3073
3708A,122.2922,43.6189
3709A,130.9967,45.3106
3710A,121.5594,29.8975
3713A,124.3419,43.1666
3715A,117.3092,32.9314
3719A,97.1714,31.1406
3726A,88.8781,29.2426
3728A,104.68,28.8071
3734A,118.35,37.26
3860A,118.392,35.03
3861A,119.2041,36.7699
3866A,122.2469,40.66302
3867A,102.0738,36.5056
